src_time,recv_time
1700000000.0,1700000000.003
1700000000.001,1700000000.0049999
1700000000.002,1700000000.0070002
1700000000.003,1700000000.0095
1700000000.004,1700000000.012
1700000000.005,1700000000.0142002
1700000000.006,1700000000.0165
1700000000.007,1700000000.019
